UDI,Product ID,Type,Air temperature [K],Process temperature [K],Rotational speed [rpm],Torque [Nm],Tool wear [min],Target,Failure Type
292,L47471,L,298,308.3,1473,42.6,107,0,No Failure
293,L47472,L,298.1,308.4,1335,40.2,109,0,No Failure
294,H29707,H,298.1,308.5,1392,44.8,111,0,No Failure
295,M15154,M,298.1,308.5,1372,51.1,116,0,No Failure
296,M15155,M,298.1,308.6,1716,30.7,119,0,No Failure
297,L47476,L,298,308.5,1395,46.2,122,0,No Failure
298,L47477,L,298,308.5,1713,25.3,124,0,No Failure
299,H29712,H,297.9,308.5,2129,18.7,126,0,No Failure
300,M15159,M,297.8,308.3,1567,35.6,131,0,No Failure
301,L47480,L,297.8,308.4,1622,38.3,134,0,No Failure
302,L47481,L,297.7,308.4,1740,27.1,136,0,No Failure
303,H29716,H,297.8,308.4,1512,35.1,138,0,No Failure
304,M15163,M,297.8,308.4,1479,43.5,143,0,No Failure
305,L47484,L,297.8,308.4,1737,27.5,146,0,No Failure
306,L47485,L,297.8,308.4,2129,19.2,148,0,No Failure
307,L47486,L,297.8,308.4,1374,47.1,150,0,No Failure
308,M15167,M,297.8,308.4,1579,36.6,152,0,No Failure
309,L47488,L,297.9,308.5,1305,47.2,155,0,No Failure
310,M15169,M,297.9,308.5,1449,40.8,157,0,No Failure
311,H29724,H,298,308.6,1526,41.8,160,0,No Failure
312,M15171,M,298,308.6,1453,44.1,165,0,No Failure
313,L47492,L,297.9,308.6,1468,36,168,0,No Failure
314,L47493,L,298,308.6,1313,50.8,170,0,No Failure
315,M15174,M,297.9,308.5,1300,53,172,0,No Failure
316,L47495,L,297.9,308.4,1646,40.6,175,0,No Failure
317,L47496,L,297.8,308.4,1714,33.2,177,0,No Failure
318,L47497,L,297.8,308.4,1685,28.4,179,0,No Failure
319,L47498,L,297.8,308.4,1512,39.9,181,0,No Failure
320,L47499,L,297.8,308.4,1612,32.1,183,0,No Failure
321,H29734,H,297.8,308.4,1550,38.2,185,0,No Failure
322,L47501,L,297.8,308.4,1518,32.5,190,0,No Failure
323,L47502,L,297.8,308.5,1448,40,192,0,No Failure
324,L47503,L,297.8,308.5,1561,46.3,194,0,No Failure
325,M15184,M,297.8,308.5,1488,41.9,196,0,No Failure
326,L47505,L,297.8,308.5,1699,27.8,199,0,No Failure
327,L47506,L,297.7,308.5,1501,41.4,201,0,No Failure
328,L47507,L,297.7,308.5,1373,56.7,203,1,Overstrain Failure
329,H29742,H,297.6,308.4,1703,31.4,205,0,No Failure
330,H29743,H,297.7,308.5,1720,29.9,210,0,No Failure
331,M15190,M,297.6,308.4,1398,41.9,215,0,No Failure
332,M15191,M,297.6,308.4,1391,51.9,218,0,No Failure
333,M15192,M,297.6,308.3,1538,40.2,0,0,No Failure
334,L47513,L,297.5,308.2,1647,31.3,3,0,No Failure
335,M15194,M,297.5,308.1,1469,44.8,5,0,No Failure
336,L47515,L,297.4,308.1,1749,25.9,8,0,No Failure
337,M15196,M,297.6,308.2,1995,20.5,10,0,No Failure
338,L47517,L,297.6,308.3,1742,27.7,13,0,No Failure
339,L47518,L,297.5,308.2,1563,38.2,15,0,No Failure
340,M15199,M,297.5,308.2,1713,32.2,17,0,No Failure
341,L47520,L,297.4,308.1,1474,39.4,20,0,No Failure
342,M15201,M,297.4,308.2,1530,32.6,22,0,No Failure
343,L47522,L,297.4,308.2,1471,46.5,25,0,No Failure
344,L47523,L,297.5,308.3,1388,48.6,27,0,No Failure
345,M15204,M,297.5,308.2,2448,13.8,29,0,No Failure
346,L47525,L,297.5,308.3,1585,32.9,32,0,No Failure
347,M15206,M,297.5,308.3,1459,45.2,34,0,No Failure
348,L47527,L,297.5,308.3,1544,40.8,37,0,No Failure
349,L47528,L,297.6,308.3,1617,31.7,39,0,No Failure
350,L47529,L,297.6,308.3,1595,34.3,41,0,No Failure
351,H29764,H,297.6,308.3,1400,44.3,43,0,No Failure
352,M15211,M,297.6,308.4,1611,31,48,0,No Failure
353,M15212,M,297.6,308.4,1507,46,51,0,No Failure
354,H29767,H,297.5,308.3,1674,30,54,0,No Failure
355,L47534,L,297.6,308.3,1658,34.3,59,0,No Failure
356,L47535,L,297.6,308.3,1623,36.9,61,0,No Failure
357,M15216,M,297.6,308.4,1398,48.9,63,0,No Failure
358,L47537,L,297.6,308.4,1517,34.2,66,0,No Failure
359,M15218,M,297.6,308.3,1467,36.7,68,0,No Failure
360,M15219,M,297.6,308.3,1567,34.6,71,0,No Failure
361,M15220,M,297.5,308.3,1521,38.2,74,0,No Failure
362,L47541,L,297.5,308.3,1596,36.8,77,0,No Failure
363,H29776,H,297.6,308.3,1640,30.9,79,0,No Failure
364,L47543,L,297.6,308.3,1438,47.8,84,0,No Failure
365,L47544,L,297.6,308.4,1407,55.2,86,0,No Failure
366,L47545,L,297.6,308.4,1353,57.5,88,0,No Failure
367,M15226,M,297.6,308.5,1552,40.9,90,0,No Failure
368,M15227,M,297.6,308.4,1569,38.3,93,0,No Failure
369,L47548,L,297.5,308.4,1489,39.5,96,0,No Failure
370,H29783,H,297.5,308.4,1587,36.1,98,0,No Failure
371,M15230,M,297.5,308.3,1622,37.2,103,0,No Failure
372,L47551,L,297.5,308.4,1604,38.1,106,0,No Failure
373,M15232,M,297.4,308.3,1405,51.7,108,0,No Failure
374,L47553,L,297.4,308.3,1412,42,111,0,No Failure
375,L47554,L,297.4,308.3,1431,43,113,0,No Failure
376,L47555,L,297.4,308.2,1533,37.4,115,0,No Failure
377,M15236,M,297.4,308.2,1401,51.9,117,0,No Failure
378,M15237,M,297.4,308.2,1424,53.9,120,0,No Failure
379,L47558,L,297.3,308.2,1754,29.4,123,0,No Failure
380,L47559,L,297.3,308.2,1754,26.8,125,0,No Failure
381,L47560,L,297.5,308.3,2564,12.8,127,1,Power Failure
382,L47561,L,297.5,308.5,1546,40.4,129,0,No Failure
383,L47562,L,297.5,308.5,1335,48,131,0,No Failure
384,M15243,M,297.5,308.6,1842,27,133,0,No Failure
385,L47564,L,297.5,308.5,1712,26.8,136,0,No Failure
386,M15245,M,297.6,308.6,1414,45.4,138,0,No Failure
387,L47566,L,297.6,308.7,1319,50.9,141,0,No Failure
388,L47567,L,297.7,308.7,1249,60.4,143,0,No Failure
389,L47568,L,297.6,308.7,1455,48.2,145,0,No Failure
390,M15249,M,297.6,308.7,1408,54.8,147,0,No Failure
391,L47570,L,297.6,308.7,1460,46.7,150,0,No Failure
392,L47571,L,297.6,308.6,1491,38.1,152,0,No Failure
393,M15252,M,297.6,308.5,1490,43.4,154,0,No Failure
394,M15253,M,297.5,308.4,1350,52.2,157,0,No Failure
395,L47574,L,297.5,308.4,1528,39.9,160,0,No Failure
396,L47575,L,297.4,308.3,1571,37.7,162,0,No Failure
397,L47576,L,297.4,308.3,1490,42.6,164,0,No Failure
398,M15257,M,297.4,308.3,1774,28.9,166,0,No Failure
399,H29812,H,297.4,308.3,1502,43.6,169,0,No Failure
400,L47579,L,297.4,308.4,1392,49.7,174,0,No Failure
401,L47580,L,297.4,308.5,2100,16.9,176,0,No Failure
402,L47581,L,297.5,308.5,1722,30.4,178,0,No Failure
403,L47582,L,297.4,308.6,1678,32.3,180,0,No Failure
404,L47583,L,297.3,308.6,1273,59.8,182,0,No Failure
405,L47584,L,297.3,308.6,1297,45.9,184,0,No Failure
406,L47585,L,297.3,308.5,1350,57.6,186,0,No Failure
407,L47586,L,297.4,308.6,1439,51.9,188,0,No Failure
408,M15267,M,297.4,308.5,1600,42.1,190,0,No Failure
409,M15268,M,297.4,308.6,1434,44.4,193,0,No Failure
410,L47589,L,297.4,308.6,1459,41.3,196,0,No Failure
411,M15270,M,297.5,308.6,1472,44.9,198,0,No Failure
412,L47591,L,297.5,308.7,1429,44.3,201,0,No Failure
413,L47592,L,297.5,308.6,1388,48.2,203,0,No Failure
414,L47593,L,297.4,308.4,1573,34.5,205,0,No Failure
415,L47594,L,297.4,308.4,1588,32.5,207,0,No Failure
416,L47595,L,297.5,308.4,1511,42.8,209,0,No Failure
417,L47596,L,297.4,308.5,1495,37.8,211,0,No Failure
418,L47597,L,297.4,308.4,1394,50.1,213,0,No Failure
419,L47598,L,297.4,308.4,2151,17.7,0,0,No Failure
420,M15279,M,297.3,308.3,1501,38.2,2,0,No Failure
421,M15280,M,297.3,308.3,1301,39.6,5,0,No Failure
422,M15281,M,297.3,308.3,1657,31.1,8,0,No Failure
423,L47602,L,297.3,308.3,1333,55.2,11,0,No Failure
424,L47603,L,297.3,308.3,1484,43.9,13,0,No Failure
425,L47604,L,297.3,308.4,1430,45.7,15,0,No Failure
426,M15285,M,297.3,308.4,1665,28.9,17,0,No Failure
427,L47606,L,297.4,308.5,1501,44.9,20,0,No Failure
428,M15287,M,297.5,308.5,1496,42.2,22,0,No Failure
429,M15288,M,297.6,308.6,1595,36.9,25,0,No Failure
430,L47609,L,297.5,308.6,1208,62.3,28,0,No Failure
431,L47610,L,297.5,308.6,1596,37.1,30,0,No Failure
432,L47611,L,297.5,308.5,1446,41.9,32,0,No Failure
433,M15292,M,297.6,308.5,1466,39.7,34,0,No Failure
434,M15293,M,297.6,308.5,1848,23.7,37,0,No Failure
435,M15294,M,297.5,308.5,1484,44.7,40,0,No Failure
436,L47615,L,297.4,308.3,1493,41.2,43,0,No Failure
437,L47616,L,297.3,308.3,1504,36.3,45,0,No Failure
438,L47617,L,297.3,308.3,1538,38.5,47,0,No Failure
439,L47618,L,297.4,308.4,1341,52.2,49,0,No Failure
440,M15299,M,297.4,308.3,1535,34.6,51,0,No Failure
441,L47620,L,297.4,308.5,1389,39.2,54,0,No Failure
442,H29855,H,297.5,308.5,1393,46.6,56,0,No Failure
443,L47622,L,297.4,308.5,1399,61.5,61,1,Power Failure
444,H29857,H,297.4,308.5,1469,45.1,63,0,No Failure
445,L47624,L,297.4,308.4,1582,37.2,68,0,No Failure
446,L47625,L,297.5,308.6,1793,26.7,70,0,No Failure
447,L47626,L,297.5,308.6,1452,39,72,0,No Failure
448,M15307,M,297.6,308.7,1376,59.9,74,0,No Failure
449,L47628,L,297.5,308.6,1552,44.9,77,0,No Failure
450,L47629,L,297.6,308.7,1622,37.9,79,0,No Failure
451,M15310,M,297.6,308.7,1419,41.7,81,0,No Failure
452,H29865,H,297.5,308.6,1440,46.1,84,0,No Failure
453,M15312,M,297.4,308.6,1643,31,89,0,No Failure
454,L47633,L,297.4,308.7,1510,36.2,92,0,No Failure
455,L47634,L,297.4,308.7,1468,46.6,94,0,No Failure
456,L47635,L,297.4,308.7,1429,57.4,96,0,No Failure
457,H29870,H,297.3,308.7,1478,47.6,98,0,No Failure
458,L47637,L,297.4,308.6,1276,53.6,103,0,No Failure
459,L47638,L,297.3,308.6,1486,42.6,105,0,No Failure
460,L47639,L,297.4,308.6,1476,42.3,107,0,No Failure
461,H29874,H,297.3,308.6,1431,42,109,0,No Failure
462,L47641,L,297.4,308.7,1402,40.2,114,0,No Failure
463,L47642,L,297.4,308.7,1433,43.4,116,0,No Failure
464,L47643,L,297.4,308.7,2874,4.2,118,1,Power Failure
465,L47644,L,297.3,308.6,1511,35.7,120,0,No Failure
466,M15325,M,297.3,308.6,1456,42.9,122,0,No Failure
467,L47646,L,297.2,308.5,1550,41.5,125,0,No Failure
468,L47647,L,297.2,308.5,2182,16.5,127,0,No Failure
469,L47648,L,297.3,308.7,1619,31.6,129,0,No Failure
470,M15329,M,297.3,308.8,1586,32.7,131,0,No Failure
471,H29884,H,297.3,308.8,1499,44.2,134,0,No Failure
472,H29885,H,297.3,308.8,1419,42.4,139,0,No Failure
473,M15332,M,297.4,309,1497,41.8,144,0,No Failure
474,M15333,M,297.4,309,1520,37,147,0,No Failure
475,L47654,L,297.4,309.1,1478,49.8,150,0,No Failure
476,L47655,L,297.4,309.1,1380,41.1,152,0,No Failure
477,L47656,L,297.4,309,1570,37.9,154,0,No Failure
478,H29891,H,297.4,309,1468,41.4,156,0,No Failure
479,L47658,L,297.4,309,1833,22.6,161,0,No Failure
480,M15339,M,297.4,308.9,1323,57.3,163,0,No Failure
481,L47660,L,297.4,309,1583,32,166,0,No Failure
482,M15341,M,297.3,309,1556,39.5,168,0,No Failure
483,L47662,L,297.3,309,1548,37.4,171,0,No Failure
484,L47663,L,297.4,309,1324,56.9,173,0,No Failure
485,L47664,L,297.4,309,1568,33.7,175,0,No Failure
486,M15345,M,297.4,309,1685,30.7,177,0,No Failure
487,M15346,M,297.4,309.1,1582,35.9,180,0,No Failure
488,M15347,M,297.4,309.1,1463,35,183,0,No Failure
489,L47668,L,297.4,309.2,1584,42.8,186,0,No Failure
490,M15349,M,297.5,309.2,1347,55.8,188,0,No Failure
491,L47670,L,297.4,309.2,1459,37.9,191,0,No Failure
492,L47671,L,297.4,309.2,1420,45.6,193,0,No Failure
493,L47672,L,297.5,309.3,1404,43.5,195,0,No Failure
494,L47673,L,297.5,309.3,1470,38.8,197,0,No Failure
495,L47674,L,297.6,309.4,1326,49.8,199,0,No Failure
496,H29909,H,297.5,309.3,1459,49.7,201,0,No Failure
497,M15356,M,297.5,309.2,1530,40,206,0,No Failure
498,L47677,L,297.4,309,1505,39.2,209,0,No Failure
499,L47678,L,297.5,309.1,1611,30.2,211,0,No Failure
500,L47679,L,297.5,309.1,1515,35.1,213,0,No Failure
501,M15360,M,297.5,309.2,1804,27.4,215,0,No Failure
502,M15361,M,297.6,309.3,1464,46.2,218,0,No Failure
503,L47682,L,297.6,309.2,1390,43.3,221,0,No Failure
504,M15363,M,297.6,309.2,1442,48.1,0,0,No Failure
505,M15364,M,297.6,309.3,1529,41.9,3,0,No Failure
506,L47685,L,297.6,309.3,1610,35,6,0,No Failure
507,L47686,L,297.6,309.3,1543,34.3,8,0,No Failure
508,H29921,H,297.8,309.4,1445,48.2,10,0,No Failure
509,L47688,L,297.7,309.3,1893,24.6,15,0,No Failure
510,M15369,M,297.6,309.3,1415,41.3,17,0,No Failure
511,L47690,L,297.5,309.3,1564,37.5,20,0,No Failure
512,L47691,L,297.5,309.3,1479,39.4,22,0,No Failure
513,L47692,L,297.5,309.2,1426,44.8,24,0,No Failure
514,L47693,L,297.4,309.2,1428,38.8,26,0,No Failure
515,L47694,L,297.4,309.2,1620,33.2,28,0,No Failure
516,L47695,L,297.5,309.2,1715,28,30,0,No Failure
517,L47696,L,297.5,309.3,1732,29.9,32,0,No Failure
518,M15377,M,297.5,309.4,1391,58.2,34,0,No Failure
519,L47698,L,297.6,309.5,1924,20.6,37,0,No Failure
520,M15379,M,297.7,309.5,2027,19.8,39,0,No Failure
521,L47700,L,297.6,309.5,1617,36.2,42,0,No Failure
522,L47701,L,297.5,309.4,1497,35.8,44,0,No Failure
523,M15382,M,297.5,309.5,1448,43.7,46,0,No Failure
524,L47703,L,297.4,309.4,1401,45.9,49,0,No Failure
525,L47704,L,297.4,309.4,1620,35.4,51,0,No Failure
526,L47705,L,297.4,309.4,1466,45.5,53,0,No Failure
527,L47706,L,297.6,309.5,1373,50.6,55,0,No Failure
528,M15387,M,297.6,309.6,1592,35.8,57,0,No Failure
529,M15388,M,297.5,309.5,1553,42.4,60,0,No Failure
530,L47709,L,297.6,309.5,1569,36.2,63,0,No Failure
531,M15390,M,297.6,309.5,1709,32.2,65,0,No Failure
532,L47711,L,297.6,309.5,1549,34.9,68,0,No Failure
533,L47712,L,297.5,309.4,1443,45.4,70,0,No Failure
534,L47713,L,297.5,309.3,1675,29.8,72,0,No Failure
535,L47714,L,297.5,309.3,1623,33.4,74,0,No Failure
536,H29949,H,297.4,309.3,1365,52.4,76,0,No Failure
537,L47716,L,297.4,309.3,1759,24.8,81,0,No Failure
538,H29951,H,297.4,309.3,1516,43,83,0,No Failure
539,M15398,M,297.4,309.3,1499,36.8,88,0,No Failure
540,M15399,M,297.4,309.3,1775,25.8,91,0,No Failure
541,L47720,L,297.4,309.4,1473,45.5,94,0,No Failure
542,L47721,L,297.4,309.4,1296,52.3,96,0,No Failure
543,L47722,L,297.5,309.4,1803,24.7,98,0,No Failure
544,H29957,H,297.5,309.3,1563,36.1,100,0,No Failure
545,M15404,M,297.5,309.4,1831,26.6,105,0,No Failure
546,L47725,L,297.6,309.4,1958,22.1,108,0,No Failure
547,L47726,L,297.5,309.4,1809,24.3,110,0,No Failure
548,M15407,M,297.5,309.4,1482,39.3,112,0,No Failure
549,L47728,L,297.4,309.3,1332,53.2,115,0,No Failure
550,L47729,L,297.4,309.2,1437,40.4,117,0,No Failure
551,L47730,L,297.4,309.2,1698,29.4,119,0,No Failure
552,L47731,L,297.4,309.2,1274,54.3,121,0,No Failure
553,M15412,M,297.4,309.3,1622,35,123,0,No Failure
554,M15413,M,297.4,309.3,1564,36,126,0,No Failure
555,H29968,H,297.5,309.4,1368,45.3,129,0,No Failure
556,M15415,M,297.4,309.4,1539,42.2,134,0,No Failure
557,L47736,L,297.5,309.4,1357,50.1,137,0,No Failure
558,M15417,M,297.5,309.4,1433,48.3,139,0,No Failure
559,L47738,L,297.5,309.4,1650,34.6,142,0,No Failure
560,L47739,L,297.5,309.4,1503,40.6,144,0,No Failure
561,L47740,L,297.5,309.4,1318,58.2,146,0,No Failure
562,M15421,M,297.5,309.4,1678,34.4,148,0,No Failure
563,L47742,L,297.6,309.5,1574,30.9,151,0,No Failure
564,L47743,L,297.7,309.6,1529,35.2,153,0,No Failure
565,H29978,H,297.6,309.6,1669,32.1,155,0,No Failure
566,H29979,H,297.7,309.7,1570,35.8,160,0,No Failure
567,M15426,M,297.6,309.7,1541,33.7,165,0,No Failure
568,M15427,M,297.7,309.7,1680,30.2,168,0,No Failure
569,L47748,L,297.8,309.7,1935,22.1,171,0,No Failure
570,M15429,M,297.7,309.6,1596,35.2,173,0,No Failure
571,L47750,L,297.7,309.7,1498,41,176,0,No Failure
572,M15431,M,297.8,309.8,1676,29,178,0,No Failure
573,L47752,L,297.8,309.9,1351,49,181,0,No Failure
574,L47753,L,297.9,309.9,1472,45,183,0,No Failure
575,M15434,M,297.9,310,1439,41.7,185,0,No Failure
576,M15435,M,297.9,309.9,1410,55.4,188,0,No Failure
577,H29990,H,297.7,309.7,1440,51.1,191,0,No Failure
578,L47757,L,297.7,309.7,1591,37.7,196,0,No Failure
579,L47758,L,297.8,309.8,1533,36.8,198,0,No Failure
580,M15439,M,297.8,309.7,1700,31.3,200,0,No Failure
581,M15440,M,297.8,309.8,1798,25.5,203,0,No Failure
582,L47761,L,297.8,309.7,1394,42.9,206,0,No Failure
583,L47762,L,297.8,309.7,1341,49.2,208,0,No Failure
584,H29997,H,297.7,309.6,1697,32.2,210,0,No Failure
585,H29998,H,297.6,309.6,1419,48.2,215,0,No Failure
586,L47765,L,297.6,309.5,2001,20.5,220,0,No Failure
587,L47766,L,297.6,309.6,1501,49.8,222,1,Overstrain Failure
588,H30001,H,297.6,309.5,1623,33.1,224,0,No Failure
589,L47768,L,297.6,309.4,1628,33.4,229,0,No Failure
590,L47769,L,297.6,309.4,1491,40.2,231,0,No Failure
591,L47770,L,297.5,309.4,1517,36.7,233,0,No Failure
592,H30005,H,297.5,309.3,1525,41.7,235,0,No Failure
593,H30006,H,297.5,309.5,1668,27.9,240,0,No Failure
594,L47773,L,297.5,309.6,1312,50.7,0,0,No Failure
595,H30008,H,297.6,309.6,1278,50.4,2,0,No Failure
596,M15455,M,297.6,309.6,1330,53.1,7,0,No Failure
597,M15456,M,297.6,309.6,1530,37.3,10,0,No Failure
598,H30011,H,297.6,309.6,1428,46.6,13,0,No Failure
599,L47778,L,297.7,309.6,1480,47.9,18,0,No Failure
600,H30013,H,297.7,309.7,1616,31.1,20,0,No Failure
601,L47780,L,297.8,309.7,1547,37.3,25,0,No Failure
602,L47781,L,297.9,309.7,2194,16.8,27,0,No Failure
603,L47782,L,297.9,309.8,2000,21.3,29,0,No Failure
604,L47783,L,297.9,309.8,1336,71.6,31,1,Power Failure
605,L47784,L,297.9,309.9,1542,33.8,33,0,No Failure
606,M15465,M,297.9,309.8,1693,29.9,35,0,No Failure
607,L47786,L,297.9,309.8,1461,50.5,38,0,No Failure
608,M15467,M,298,309.9,1565,33.9,40,0,No Failure
609,L47788,L,298,309.9,1403,47.7,43,0,No Failure
610,L47789,L,298.1,309.9,1629,32.5,45,0,No Failure
611,L47790,L,298.1,310,1534,33.7,47,0,No Failure
612,L47791,L,298.1,310,1553,40.9,49,0,No Failure
613,L47792,L,298.1,309.9,1563,32.8,51,0,No Failure
614,L47793,L,298.1,309.9,1634,30,53,0,No Failure
615,M15474,M,298,309.9,1445,45.2,55,0,No Failure
616,L47795,L,298.1,309.9,1642,30.4,58,0,No Failure
617,H30030,H,298.1,309.9,1686,29.1,60,0,No Failure
618,M15477,M,298.1,310,1393,43.1,65,0,No Failure
619,H30032,H,298.2,310,1433,44.2,68,0,No Failure
620,L47799,L,298.3,310,1507,44.7,73,0,No Failure
621,M15480,M,298.3,310.1,1389,49.6,75,0,No Failure
622,L47801,L,298.3,310.1,1408,45.3,78,0,No Failure
623,M15482,M,298.4,310.2,1725,32,80,0,No Failure
624,L47803,L,298.4,310.1,1926,23.7,83,0,No Failure
625,H30038,H,298.3,310.1,1509,37.6,85,0,No Failure
626,L47805,L,298.3,310.1,1545,36.3,90,0,No Failure
627,L47806,L,298.4,310.1,1533,35.2,92,0,No Failure
628,L47807,L,298.4,310.1,1455,42.2,94,0,No Failure
629,M15488,M,298.4,310.1,1335,57.8,96,0,No Failure
630,L47809,L,298.3,310.1,1523,45.9,99,0,No Failure
631,L47810,L,298.3,310,1460,47.6,101,0,No Failure
632,L47811,L,298.4,310,1554,37.3,103,0,No Failure
633,H30046,H,298.3,310,1419,47.1,105,0,No Failure
634,L47813,L,298.3,310,1442,43.9,110,0,No Failure
635,L47814,L,298.3,309.9,1507,41.6,112,0,No Failure
636,L47815,L,298.3,310,1858,23.9,114,0,No Failure
637,L47816,L,298.3,309.9,1463,43.9,116,0,No Failure
638,L47817,L,298.2,309.7,1585,37.4,118,0,No Failure
639,L47818,L,298,309.6,1536,37.3,120,0,No Failure
640,L47819,L,298,309.6,1403,51.3,122,0,No Failure
641,M15500,M,297.9,309.6,1515,38.8,124,0,No Failure
642,L47821,L,297.9,309.5,1390,47.9,127,0,No Failure
643,M15502,M,297.8,309.4,1226,58.7,129,0,No Failure
644,M15503,M,297.8,309.4,1495,36.5,132,0,No Failure
645,H30058,H,297.7,309.4,1608,30.2,135,0,No Failure
646,L47825,L,297.7,309.4,1392,44.1,140,0,No Failure
647,M15506,M,297.7,309.4,1461,43.7,142,0,No Failure
648,L47827,L,297.7,309.3,1559,36.9,145,0,No Failure
649,H30062,H,297.7,309.3,1400,48.9,147,0,No Failure
650,M15509,M,297.7,309.2,1732,28.8,152,0,No Failure
651,L47830,L,297.6,309.2,1611,33.1,155,0,No Failure
652,L47831,L,297.6,309.1,1503,38.9,157,0,No Failure
653,L47832,L,297.7,309.2,1391,44.5,159,0,No Failure
654,L47833,L,297.8,309.3,2015,20.1,161,0,No Failure
655,L47834,L,297.8,309.2,1683,30.9,163,0,No Failure
656,L47835,L,297.7,309.1,1435,38.8,165,0,No Failure
657,M15516,M,297.7,309.1,1732,28.1,167,0,No Failure
658,L47837,L,297.7,309.2,1365,58.6,170,0,No Failure
659,L47838,L,297.7,309.1,1562,36.8,172,0,No Failure
660,L47839,L,297.6,309.1,1449,49.1,174,0,No Failure
661,M15520,M,297.7,309.2,1700,27.4,176,0,No Failure
662,M15521,M,297.6,309,1427,45.6,179,0,No Failure
663,M15522,M,297.6,308.9,1479,38.1,182,0,No Failure
664,L47843,L,297.5,308.9,1469,44,185,0,No Failure
665,L47844,L,297.5,308.9,1390,47.4,187,0,No Failure
666,L47845,L,297.5,308.9,1729,28.1,189,0,No Failure
667,L47846,L,297.5,309,1470,43.5,191,0,No Failure
668,L47847,L,297.5,308.9,1459,48.5,193,0,No Failure
669,L47848,L,297.5,308.9,1738,24,195,0,No Failure
670,H30083,H,297.5,308.9,1471,37.7,197,0,No Failure
671,L47850,L,297.6,309,1822,25.4,202,0,No Failure
672,L47851,L,297.5,308.9,1554,34.8,204,0,No Failure
673,M15532,M,297.6,308.9,1433,43.2,206,0,No Failure
674,L47853,L,297.6,308.9,1449,47.7,209,0,No Failure
675,L47854,L,297.8,309,1456,41.2,0,0,No Failure
676,M15535,M,297.8,309.1,1424,45.5,2,0,No Failure
677,H30090,H,297.9,309.2,1577,34.7,5,0,No Failure
678,L47857,L,297.9,309.2,1478,39.7,10,0,No Failure
679,M15538,M,297.8,309.2,1295,61.2,12,0,No Failure
680,L47859,L,297.8,309.2,1372,47.3,15,0,No Failure
681,M15540,M,297.8,309.1,1432,42.6,17,0,No Failure
682,M15541,M,297.7,309,1656,33.2,20,0,No Failure
683,H30096,H,297.8,309,1410,48.8,23,0,No Failure
684,L47863,L,297.7,309,1874,24.4,28,0,No Failure
685,L47864,L,297.7,309,1538,43.2,30,0,No Failure
686,M15545,M,297.7,309,1636,29.7,32,0,No Failure
687,M15546,M,297.7,309,1504,40.4,35,0,No Failure
688,M15547,M,297.7,309,1531,42.4,38,0,No Failure
689,H30102,H,297.6,309,1735,26.4,41,0,No Failure
690,H30103,H,297.6,309,1354,55.6,46,0,No Failure
691,H30104,H,297.6,309,1413,40.2,51,0,No Failure
692,L47871,L,297.7,309.1,1563,39.3,56,0,No Failure
693,L47872,L,297.7,309.1,1479,42.1,58,0,No Failure
694,L47873,L,297.7,309.1,1477,38.3,60,0,No Failure
695,L47874,L,297.6,309.1,1394,50,62,0,No Failure
696,L47875,L,297.6,309,1487,45.4,64,0,No Failure
697,M15556,M,297.6,309,1815,25.3,66,0,No Failure
698,M15557,M,297.6,308.8,1453,39.7,69,0,No Failure
699,L47878,L,297.6,308.8,1539,40.2,72,0,No Failure
700,H30113,H,297.5,308.7,1416,39.2,74,0,No Failure
701,M15560,M,297.6,308.8,1683,31.6,79,0,No Failure
702,L47881,L,297.7,308.8,1515,40.1,82,0,No Failure
703,M15562,M,297.7,308.9,1531,48.3,84,0,No Failure
704,H30117,H,297.7,308.9,1479,40.9,87,0,No Failure
705,L47884,L,297.7,308.9,1516,33.7,92,0,No Failure
706,L47885,L,297.7,309,1507,38.2,94,0,No Failure
707,M15566,M,297.8,309,1434,43.3,96,0,No Failure
708,L47887,L,297.7,308.9,1838,27.3,99,0,No Failure
709,M15568,M,297.6,308.8,1416,45.9,101,0,No Failure
710,M15569,M,297.6,308.8,1357,49.7,104,0,No Failure
711,M15570,M,297.5,308.7,1697,28.1,107,0,No Failure
712,L47891,L,297.5,308.7,1443,46.2,110,0,No Failure
713,L47892,L,297.5,308.7,1453,37.6,112,0,No Failure
714,L47893,L,297.4,308.6,1439,46.4,114,0,No Failure
715,L47894,L,297.4,308.6,1609,36.2,116,0,No Failure
716,L47895,L,297.4,308.6,1324,59.1,118,0,No Failure
717,H30130,H,297.4,308.6,1420,45.8,120,0,No Failure
718,L47897,L,297.4,308.7,1545,36.9,125,0,No Failure
719,L47898,L,297.5,308.8,1477,39,127,0,No Failure
720,L47899,L,297.4,308.8,1447,58.1,129,0,No Failure
721,L47900,L,297.4,308.9,1809,23.8,131,0,No Failure
722,L47901,L,297.5,308.9,1696,30.9,133,0,No Failure
723,L47902,L,297.5,308.9,1427,44.7,135,0,No Failure
724,M15583,M,297.4,308.9,1500,46.3,137,0,No Failure
725,L47904,L,297.5,308.9,1390,44.6,140,0,No Failure
726,L47905,L,297.4,308.8,1640,34.2,142,0,No Failure
727,M15586,M,297.4,308.8,1628,37.4,144,0,No Failure
728,H30141,H,297.3,308.6,1499,37.6,147,0,No Failure
729,M15588,M,297.4,308.7,1425,50.3,152,0,No Failure
730,L47909,L,297.3,308.6,1586,37.7,155,0,No Failure
731,M15590,M,297.3,308.6,1471,50.7,157,0,No Failure
732,M15591,M,297.3,308.6,1431,53,160,0,No Failure
733,L47912,L,297.2,308.6,1924,22.1,163,0,No Failure
734,M15593,M,297.1,308.4,1421,42,165,0,No Failure
735,H30148,H,297,308.4,1305,54.6,168,0,No Failure
736,L47915,L,296.9,308.4,1557,32.4,173,0,No Failure
737,L47916,L,296.9,308.3,1555,38.2,175,0,No Failure
738,H30151,H,296.9,308.3,1474,39.2,177,0,No Failure
739,L47918,L,296.8,308.3,1506,45.9,182,0,No Failure
740,L47919,L,296.9,308.4,1390,41.8,184,0,No Failure
741,M15600,M,296.9,308.4,1450,46.9,186,0,No Failure
742,L47921,L,296.9,308.3,1513,38.8,189,0,No Failure
743,L47922,L,296.8,308.2,1643,34.7,191,0,No Failure
744,L47923,L,296.8,308.2,1361,53.8,193,0,No Failure
745,L47924,L,296.7,308.1,1450,40.9,195,0,No Failure
746,L47925,L,296.7,308,1451,50.7,197,0,No Failure
747,L47926,L,296.8,308.1,1289,62,199,1,Overstrain Failure
748,L47927,L,296.8,308.1,1356,48.3,201,0,No Failure
749,H30162,H,296.7,308.1,1528,46.3,203,0,No Failure
750,L47929,L,296.6,308,1978,22.3,208,0,No Failure
751,L47930,L,296.7,308,1535,36.8,210,0,No Failure
752,M15611,M,296.8,308.1,1843,24.2,212,0,No Failure
753,L47932,L,296.9,308.1,1422,48.7,215,0,No Failure
754,L47933,L,296.8,308,1536,40.4,217,0,No Failure
755,M15614,M,296.9,308.1,1483,44.3,219,0,No Failure
756,H30169,H,296.8,308.1,1492,43.7,222,0,No Failure
757,L47936,L,296.8,308,1584,40.4,227,0,No Failure
758,L47937,L,296.9,308.1,1555,33.7,229,0,No Failure
759,L47938,L,296.8,308,1497,41.7,231,0,No Failure
760,M15619,M,296.7,307.8,1537,36.3,233,0,No Failure
761,L47940,L,296.7,307.8,1505,39.4,236,0,No Failure
762,L47941,L,296.7,307.8,1646,34.6,238,0,No Failure
763,M15622,M,296.7,307.8,1286,60.5,0,0,No Failure
764,L47943,L,296.7,307.8,1400,47.5,3,0,No Failure
765,L47944,L,296.8,307.9,1337,56.5,5,0,No Failure
766,L47945,L,296.9,308,1332,53.9,7,0,No Failure
767,L47946,L,296.8,308,1561,38.3,9,0,No Failure
768,L47947,L,296.9,308,1546,31.1,11,0,No Failure
769,L47948,L,296.9,308,1713,29.3,13,0,No Failure
770,L47949,L,296.9,308,1343,44.5,15,0,No Failure
771,L47950,L,296.8,308,1391,54.4,17,0,No Failure
772,H30185,H,296.8,308,1311,58.6,19,0,No Failure
773,H30186,H,296.8,308,1453,51,24,0,No Failure
774,L47953,L,296.8,308,1510,39.4,29,0,No Failure
775,L47954,L,296.8,307.9,1448,48.8,31,0,No Failure
776,L47955,L,296.7,307.8,1453,46,33,0,No Failure
777,L47956,L,296.7,307.8,1468,39.2,35,0,No Failure
778,L47957,L,296.7,307.8,1382,47.5,37,0,No Failure
51,L47230,L,298.9,309.1,2861,4.6,143,1,Power Failure
70,L47249,L,298.9,309,1410,65.7,191,1,Power Failure
78,L47257,L,298.8,308.9,1455,41.3,208,1,Tool Wear Failure
161,L47340,L,298.4,308.2,1282,60.7,216,1,Overstrain Failure
162,L47341,L,298.3,308.1,1412,52.3,218,1,Overstrain Failure
169,L47348,L,298.4,308.3,1433,62.3,20,1,Power Failure
195,M15054,M,298.2,308.5,2678,10.7,86,1,Power Failure
208,M15067,M,298.4,308.7,1421,60.7,119,1,Power Failure
243,L47422,L,298,308.2,1348,58.8,202,1,Overstrain Failure
249,L47428,L,298,308.3,1362,56.8,216,1,Overstrain Failure
250,L47429,L,298,308.3,1405,56.2,218,1,Overstrain Failure
260,M15119,M,298.1,308.2,1420,63.9,19,1,Power Failure
328,L47507,L,297.7,308.5,1373,56.7,203,1,Overstrain Failure
381,L47560,L,297.5,308.3,2564,12.8,127,1,Power Failure
443,L47622,L,297.4,308.5,1399,61.5,61,1,Power Failure
464,L47643,L,297.4,308.7,2874,4.2,118,1,Power Failure
587,L47766,L,297.6,309.6,1501,49.8,222,1,Overstrain Failure
604,L47783,L,297.9,309.8,1336,71.6,31,1,Power Failure
747,L47926,L,296.8,308.1,1289,62,199,1,Overstrain Failure
848,L48027,L,296.4,307.4,2833,5.6,213,1,Power Failure
881,M15740,M,295.8,306.3,1235,76.2,89,1,Power Failure
904,L48083,L,295.7,306.2,2270,14.6,149,1,Power Failure
927,L48106,L,295.6,306.1,1372,55.6,215,1,Overstrain Failure
1017,M15876,M,296.3,307.2,1319,68.3,24,1,Power Failure
1086,L48265,L,297,307.8,1385,56.4,202,1,Overstrain Failure
1088,H30501,H,296.9,307.8,1549,35.8,206,1,Tool Wear Failure
1096,L48275,L,296.9,307.5,2721,9.3,18,1,Power Failure
1124,H30537,H,296.6,307.7,1386,62.3,100,1,Power Failure
1125,M15984,M,296.7,307.8,1258,69,105,1,Power Failure
1145,L48324,L,297,307.9,1296,69.1,153,1,Power Failure
1162,L48341,L,297,307.8,1316,61.2,200,1,Overstrain Failure
1163,L48342,L,296.9,307.8,1400,57.1,202,1,Overstrain Failure
1168,L48347,L,297,308.1,1362,52.5,213,1,Overstrain Failure
1222,M16081,M,297,308.3,1399,46.4,132,0,Random Failures
1285,L48464,L,298.4,309.5,2153,15.3,98,1,Power Failure
1303,L48482,L,298.6,309.8,1505,45.7,144,0,Random Failures
1325,M16184,M,298.8,310.1,1243,74.5,194,1,Power Failure
1335,L48514,L,299,310.4,1365,49.1,226,1,Overstrain Failure
1336,L48515,L,299,310.4,1371,53.8,228,1,Overstrain Failure
1392,L48571,L,298.9,310.2,2737,8.8,142,1,Power Failure
1420,L48599,L,298.7,309.8,1354,53.3,212,1,Overstrain Failure
1493,M16352,M,298,308.7,1479,58.5,176,1,Power Failure
1497,L48676,L,298,308.7,1268,69.4,189,1,Power Failure
1510,L48689,L,298,308.5,1429,37.7,220,1,Tool Wear Failure
1584,L48763,L,298.2,308.4,1310,61,189,1,Overstrain Failure
1596,L48775,L,298,308.2,1365,52.9,218,1,Overstrain Failure
1683,H31096,H,297.9,307.4,1604,36.1,225,1,Tool Wear Failure
1749,H31162,H,298.4,307.7,1626,31.1,166,0,Random Failures
1764,L48943,L,298.2,307.6,1511,31,209,1,Tool Wear Failure
1785,L48964,L,298.3,308,2886,3.8,57,1,Power Failure
1790,L48969,L,298.2,307.9,1313,67.3,67,1,Power Failure
1809,L48988,L,298.1,307.7,2567,12.8,125,1,Power Failure
1834,L49013,L,297.8,307.3,1327,61,186,1,Overstrain Failure
1997,M16856,M,298.4,308,1416,38.2,198,1,Tool Wear Failure
2016,L49195,L,298.5,308.2,1301,66.3,42,1,Power Failure
2073,L49252,L,299.6,309.5,1570,35.5,189,0,Random Failures
2076,L49255,L,299.5,309.4,1390,58.8,195,1,Overstrain Failure
2126,L49305,L,299.3,308.9,1258,69.4,119,1,Power Failure
2167,M17026,M,299.6,309.2,1867,23.4,225,1,Tool Wear Failure
2234,L49413,L,299.5,308.7,2549,13,179,1,Power Failure
2245,M17104,M,299.3,308.4,1542,37.5,203,1,Tool Wear Failure
2300,L49479,L,299.4,308.7,1446,62.9,134,1,Power Failure
2332,L49511,L,299.3,308.6,1384,53.6,218,1,Overstrain Failure
2333,L49512,L,299.2,308.5,1378,50.4,220,1,Overstrain Failure
2427,M17286,M,298.9,308.2,1372,63.6,30,1,Power Failure
2445,L49624,L,299.2,308.6,1267,68.2,76,1,Power Failure
2495,L49674,L,299.1,308.8,1329,53.6,207,1,Overstrain Failure
2503,L49682,L,299.2,309,1515,48.9,228,1,Overstrain Failure
2560,L49739,L,299.3,309,1447,50.4,140,0,Random Failures
2582,L49761,L,299.2,309.1,1345,60.7,191,1,Overstrain Failure
2599,L49778,L,299.1,308.8,1320,67.5,20,1,Power Failure
2672,M17531,M,299.7,309.3,1399,41.9,221,1,Tool Wear Failure
2762,L49941,L,299.8,309.3,1299,65.1,212,1,Overstrain Failure
2859,L50038,L,300.5,309.3,1417,51.5,231,1,Overstrain Failure
2865,H32278,H,300.6,309.4,1380,47.6,246,1,Tool Wear Failure
2880,M17739,M,300.6,309.4,1367,63.2,45,1,Power Failure
2942,M17801,M,300.7,309.6,1996,19.8,203,1,Tool Wear Failure
3001,H32414,H,300.5,309.8,1324,72.8,159,1,Power Failure
3020,L50199,L,300.5,309.8,1379,54.2,207,1,Overstrain Failure
3066,M17925,M,300.1,309.2,1687,27.7,95,0,Random Failures
3141,H32554,H,300.4,309.9,2563,12.8,81,1,Power Failure
3237,M18096,M,300.8,309.4,1342,62.4,113,1,Heat Dissipation Failure
3267,L50446,L,301.3,310.1,1269,56.8,195,1,Overstrain Failure
3351,L50530,L,301.4,310.8,1285,62.6,183,1,Overstrain Failure
3357,L50536,L,301.6,310.8,1355,57.8,195,1,Overstrain Failure
3370,L50549,L,301.5,310.9,2760,8,15,1,Power Failure
3453,H32866,H,301.6,310.5,1602,32.3,2,0,Random Failures
3458,M18317,M,301.5,310.4,2639,12,21,1,Power Failure
3529,L50708,L,302,310.9,1378,53.1,212,1,Overstrain Failure
3530,L50709,L,301.9,310.9,1567,39,214,1,Tool Wear Failure
3580,L50759,L,301.8,310.6,2672,11.8,124,1,Power Failure
3612,L50791,L,301.7,310.9,1405,46.4,207,1,Tool Wear Failure
3685,L50864,L,302,311.2,1270,65.3,182,1,Overstrain Failure
3696,L50875,L,302.2,311.3,1530,37.3,207,1,Tool Wear Failure
3761,L50940,L,302.3,310.9,1377,46.8,166,1,Heat Dissipation Failure
3788,L50967,L,302.3,310.8,1377,47.3,22,1,Heat Dissipation Failure
3794,L50973,L,302.3,310.9,1379,49.3,34,1,Heat Dissipation Failure
3807,M18666,M,302.3,310.9,1360,44,67,1,Heat Dissipation Failure
3815,M18674,M,302.1,310.6,1326,59.1,88,1,Heat Dissipation Failure
3830,H33243,H,302.3,310.9,1366,48.4,130,1,Heat Dissipation Failure
3855,L51034,L,302.4,311,1338,67.6,194,1,Power Failure
3866,H33279,H,302.6,311.5,1629,34.4,228,1,Tool Wear Failure
3868,M18727,M,302.7,311.6,2709,9.7,2,1,Power Failure
3929,L51108,L,302.6,311.5,1442,59.8,169,1,Power Failure
3936,M18795,M,302.6,311.6,1227,68.2,187,1,Overstrain Failure
3944,L51123,L,302.3,311.4,1333,66.7,205,1,Power Failure
4003,L51182,L,302.1,311.2,1454,59.2,153,1,Power Failure
4025,M18884,M,302.1,311,1351,60.3,207,1,Overstrain Failure
4033,L51212,L,302,310.8,1383,50.3,231,1,Overstrain Failure
4035,L51214,L,302,310.8,1615,29,235,1,Tool Wear Failure
4049,L51228,L,301.9,311,2691,12.1,31,1,Power Failure
4072,L51251,L,301.9,310.6,1331,68.6,85,1,Power Failure
4079,H33492,H,302.1,310.7,1294,62.4,101,1,Heat Dissipation Failure
4081,L51260,L,302,310.4,1357,58,108,1,Heat Dissipation Failure
4082,L51261,L,302,310.4,1336,58.2,110,1,Heat Dissipation Failure
4088,L51267,L,301.9,310.4,1376,54.9,126,1,Heat Dissipation Failure
4097,L51276,L,301.9,310.4,1370,51.7,153,1,Heat Dissipation Failure
4118,L51297,L,301.9,310.5,1340,55.7,204,1,Overstrain Failure
4120,L51299,L,302.1,310.7,1325,45.1,208,1,Heat Dissipation Failure
4121,M18980,M,302.1,310.7,1376,46.3,210,1,Heat Dissipation Failure
4122,M18981,M,302.1,310.7,1364,47.8,213,1,Heat Dissipation Failure
4131,L51310,L,301.9,310.4,1286,62.8,22,1,Heat Dissipation Failure
4139,L51318,L,301.7,310.2,1311,57.4,40,1,Heat Dissipation Failure
4141,L51320,L,301.7,310.2,1331,61.2,47,1,Heat Dissipation Failure
4152,M19011,M,301.9,310.4,1373,48,73,1,Heat Dissipation Failure
4154,M19013,M,302,310.4,1212,55.6,79,1,Heat Dissipation Failure
4156,L51335,L,302,310.5,1370,44.4,85,1,Heat Dissipation Failure
4158,L51337,L,302,310.5,1263,60.6,90,1,Heat Dissipation Failure
4165,L51344,L,302.2,310.6,1346,47.5,109,1,Heat Dissipation Failure
4171,M19030,M,302.2,310.6,1355,51.5,126,1,Heat Dissipation Failure
4174,M19033,M,302.2,310.6,1346,49.2,134,1,Heat Dissipation Failure
4180,L51359,L,302.4,310.9,1349,46.1,148,1,Heat Dissipation Failure
4183,L51362,L,302.4,310.7,1362,54.8,155,1,Heat Dissipation Failure
4185,L51364,L,302.2,310.6,1334,53.2,159,1,Heat Dissipation Failure
4186,L51365,L,302.2,310.6,1348,48.4,161,1,Heat Dissipation Failure
4208,M19067,M,302.3,310.9,1710,30.4,218,1,Tool Wear Failure
4212,L51391,L,302.1,310.7,1314,52.8,8,1,Heat Dissipation Failure
4226,L51405,L,302.1,310.7,1359,49.3,41,1,Heat Dissipation Failure
4248,L51427,L,302.6,311,1369,60,93,1,Heat Dissipation Failure
4250,L51429,L,302.5,310.9,1330,56.9,97,1,Heat Dissipation Failure
4252,H33665,H,302.5,310.9,1356,55.5,101,1,Heat Dissipation Failure
4254,M19113,M,302.6,311,1329,48.6,111,1,Heat Dissipation Failure
4255,L51434,L,302.6,311,1284,68,114,1,Power Failure
4259,M19118,M,302.7,311.1,1297,60.7,125,1,Heat Dissipation Failure
4271,L51450,L,302.6,310.9,1331,52,154,1,Heat Dissipation Failure
4280,L51459,L,302,310.1,1361,45.4,174,1,Heat Dissipation Failure
4283,L51462,L,301.9,309.9,1374,48.5,180,1,Heat Dissipation Failure
4284,M19143,M,301.8,309.9,1334,61,182,1,Heat Dissipation Failure
4286,L51465,L,301.7,309.9,1317,49,187,1,Heat Dissipation Failure
4293,M19152,M,301.8,310.1,2372,13.9,205,1,Power Failure
4297,L51476,L,301.8,310.2,2825,5.8,215,1,Power Failure
4308,L51487,L,301.4,309.9,1259,63.9,20,1,Heat Dissipation Failure
4324,L51503,L,301.8,310.3,1341,50.5,64,1,Heat Dissipation Failure
4327,L51506,L,301.6,310.1,1362,55.8,70,1,Heat Dissipation Failure
4329,L51508,L,301.6,310.1,1326,48.2,77,1,Heat Dissipation Failure
4343,M19202,M,301.7,309.8,1284,68.2,111,1,Power Failure
4354,M19213,M,302,309.7,1386,62.7,142,1,Power Failure
4356,H33769,H,302,309.8,1280,57.3,147,1,Heat Dissipation Failure
4362,M19221,M,302.1,310.1,1379,48.2,166,1,Heat Dissipation Failure
4371,L51550,L,302,309.9,1308,57.6,197,1,Heat Dissipation Failure
4384,L51563,L,301.7,309.5,1298,65.5,229,1,Heat Dissipation Failure
4386,L51565,L,301.8,309.7,1442,45.3,233,1,Tool Wear Failure
4390,M19249,M,302.1,310,1355,45.1,6,1,Heat Dissipation Failure
4392,M19251,M,302.2,310.1,1368,51.6,12,1,Heat Dissipation Failure
4401,L51580,L,302.3,310.1,1353,50.9,36,1,Heat Dissipation Failure
4406,L51585,L,302.4,310.2,1331,45.5,53,1,Heat Dissipation Failure
4407,L51586,L,302.5,310.3,1326,58.5,55,1,Heat Dissipation Failure
4410,M19269,M,302.4,310.1,1358,54.6,61,1,Heat Dissipation Failure
4418,L51597,L,302.6,310.4,1365,66.8,80,1,Power Failure
4420,M19279,M,302.6,310.2,2676,10.8,84,1,Power Failure
4422,L51601,L,302.6,310.2,1325,62.4,92,1,Heat Dissipation Failure
4428,M19287,M,302.4,310.1,1379,48.9,107,1,Heat Dissipation Failure
4436,L51615,L,302.3,310.1,1321,52.7,134,1,Heat Dissipation Failure
4442,L51621,L,302.5,310.2,1329,50.6,148,1,Heat Dissipation Failure
4449,L51628,L,302.4,310.3,1374,51.2,163,1,Heat Dissipation Failure
4450,M19309,M,302.4,310.3,1378,54.3,165,1,Heat Dissipation Failure
4463,L51642,L,302.7,310.5,1263,67.8,197,1,Heat Dissipation Failure
4470,L51649,L,302.7,310.5,1446,40.9,211,1,Tool Wear Failure
4476,L51655,L,302.7,310.5,1351,41.8,10,1,Heat Dissipation Failure
4481,H33894,H,302.7,310.4,1305,55.2,20,1,Heat Dissipation Failure
4496,L51675,L,302.6,310.4,1359,57.2,67,1,Heat Dissipation Failure
4502,L51681,L,302.5,310.2,1307,54,86,1,Heat Dissipation Failure
4511,L51690,L,302.4,310.2,1346,62.4,106,1,Heat Dissipation Failure
4528,M19387,M,302.4,310.5,1372,45.7,144,1,Heat Dissipation Failure
4534,M19393,M,302.4,310.3,1375,52.5,161,1,Heat Dissipation Failure
4537,L51716,L,302.4,310.2,1351,45.1,168,1,Heat Dissipation Failure
4545,L51724,L,302.5,310.4,1349,55.1,187,1,Heat Dissipation Failure
4557,M19416,M,302.7,310.6,1349,51.2,6,1,Heat Dissipation Failure
4559,L51738,L,302.7,310.7,1369,47.5,11,1,Heat Dissipation Failure
4566,H33979,H,302.7,310.8,1275,55,25,1,Heat Dissipation Failure
4571,L51750,L,302.8,310.9,1312,52.2,40,1,Heat Dissipation Failure
4580,L51759,L,303,311.2,1374,48.2,65,1,Heat Dissipation Failure
4597,L51776,L,303,311.2,1361,47.6,106,1,Heat Dissipation Failure
4601,L51780,L,303,311,1359,44.2,115,1,Heat Dissipation Failure
4602,M19461,M,303,311.1,1372,54.3,117,1,Heat Dissipation Failure
4612,L51791,L,303,311.3,1365,56.2,146,1,Heat Dissipation Failure
4619,M19478,M,303,311.3,1335,53.6,164,1,Heat Dissipation Failure
4621,L51800,L,303.1,311.3,1336,52.6,172,1,Heat Dissipation Failure
4622,L51801,L,303,311.2,1341,51,174,1,Heat Dissipation Failure
4633,M19492,M,302.9,311.2,1330,53.7,200,1,Heat Dissipation Failure
4643,L51822,L,303.2,311.4,1238,54.6,226,1,Heat Dissipation Failure
4644,L51823,L,303.2,311.4,1324,54.2,228,1,Heat Dissipation Failure
4647,L51826,L,303.3,311.4,1497,46,234,1,Tool Wear Failure
4652,L51831,L,303.2,311.4,1349,51.1,9,1,Heat Dissipation Failure
4662,L51841,L,303.3,311.3,1350,48.1,32,1,Heat Dissipation Failure
4666,M19525,M,303.4,311.4,1307,54,44,1,Heat Dissipation Failure
4670,M19529,M,303.3,311.5,1373,47.3,60,1,Heat Dissipation Failure
4703,L51882,L,303.6,311.8,1222,66.8,148,1,Heat Dissipation Failure
4719,L51898,L,303.3,311.6,1337,56.8,187,1,Heat Dissipation Failure
4721,M19580,M,303.4,311.7,1353,44.1,192,1,Heat Dissipation Failure
4724,L51903,L,303.4,311.8,1366,50.9,200,1,Heat Dissipation Failure
4728,M19587,M,303.4,311.8,1341,47,210,1,Heat Dissipation Failure
4730,L51909,L,303.4,311.8,1306,61,215,1,Heat Dissipation Failure
4732,L51911,L,303.3,311.6,1301,45.1,219,1,Heat Dissipation Failure
4738,M19597,M,303.2,311.5,1336,58.2,2,1,Heat Dissipation Failure
4740,L51919,L,303.2,311.4,1351,53.8,8,1,Heat Dissipation Failure
4749,L51928,L,303.2,311.2,1363,46.7,29,1,Heat Dissipation Failure
4756,L51935,L,303.4,311.7,1295,51.3,51,1,Heat Dissipation Failure
4760,L51939,L,303.5,311.6,1361,46.5,62,1,Heat Dissipation Failure
4762,H34175,H,303.7,311.9,1332,52.7,66,1,Heat Dissipation Failure
4763,M19622,M,303.7,312,2663,11.4,71,1,Power Failure
4769,L51948,L,303.6,312,1309,52.9,86,1,Heat Dissipation Failure
4771,L51950,L,303.5,311.9,1344,49.3,93,1,Heat Dissipation Failure
4779,H34192,H,303.6,312.2,1371,54.6,112,1,Heat Dissipation Failure
4815,L51994,L,303.4,311.8,1401,53,208,1,Overstrain Failure
4817,L51996,L,303.4,312,1521,35.9,215,1,Tool Wear Failure
4832,L52011,L,303.5,312,1366,54.5,30,1,Heat Dissipation Failure
4834,L52013,L,303.4,311.9,1377,41.6,34,1,Heat Dissipation Failure
4837,L52016,L,303.3,311.8,1315,62,42,1,Heat Dissipation Failure
4841,L52020,L,303.4,311.9,1298,63.9,59,1,Heat Dissipation Failure
4845,M19704,M,303.4,311.8,1316,50.9,69,1,Heat Dissipation Failure
4852,L52031,L,303.7,312.1,1363,51.8,90,1,Heat Dissipation Failure
4921,L52100,L,303.4,312.2,1337,69.4,52,1,Power Failure
4937,L52116,L,303.5,312.4,1284,70.6,94,1,Power Failure
4977,L52156,L,303.7,312.7,1359,56.8,194,1,Overstrain Failure
4985,L52164,L,303.8,313.1,1256,58.7,213,1,Overstrain Failure
4989,L52168,L,303.8,313.1,2497,13,5,1,Power Failure
4998,M19857,M,303.6,312.8,2659,11.4,26,1,Power Failure
5049,H34462,H,304,313.2,1271,68.6,161,1,Power Failure
5062,L52241,L,304,312.9,1363,62.5,200,1,Overstrain Failure
5142,L52321,L,304.4,313.7,1509,35,205,1,Tool Wear Failure
5220,L52399,L,303.8,313,1365,59.9,205,1,Overstrain Failure
5310,M20169,M,303.9,313.2,1422,48,215,1,Tool Wear Failure
5335,M20194,M,303.4,312.6,2706,9.8,65,1,Power Failure
5395,M20254,M,302.8,312.3,1262,70.5,234,1,Power Failure
5400,H34813,H,302.8,312.4,1411,53.8,246,1,Overstrain Failure
5401,L52580,L,302.7,312.4,1477,46.3,251,1,Overstrain Failure
5402,M20261,M,302.6,312.3,1454,54.8,253,1,Tool Wear Failure
5472,L52651,L,302.7,312.3,1346,61.2,170,0,Random Failures
5489,L52668,L,302.7,312.2,1450,52.1,213,1,Overstrain Failure
5490,L52669,L,302.6,312.1,1499,35,215,0,Random Failures
5491,L52670,L,302.6,312.1,1288,68.5,0,1,Power Failure
5496,H34909,H,302.9,312.5,1357,55,12,0,Random Failures
5510,L52689,L,302.8,312.2,1509,36.5,52,0,Random Failures
5554,L52733,L,302.5,311.9,1306,59.7,172,0,Random Failures
5616,M20475,M,303,312.2,1257,71.3,122,1,Power Failure
5618,L52797,L,303.1,312.4,1404,61.5,127,1,Power Failure
5640,L52819,L,302.6,312.1,1668,28.7,180,0,Random Failures
5707,L52886,L,302.4,311.9,1290,70,139,1,Power Failure
5735,L52914,L,302.3,311.8,1369,56.2,208,1,Overstrain Failure
5910,H35323,H,300.7,310.2,1364,65.3,208,1,Power Failure
6000,M20859,M,300.4,310.2,1671,30.5,234,1,Tool Wear Failure
6025,L53204,L,300.7,310.9,1356,65.3,66,1,Power Failure
6079,L53258,L,300.8,310.7,1339,59.1,203,1,Overstrain Failure
6092,L53271,L,300.9,310.7,1412,57.5,16,0,Random Failures
6154,L53333,L,301,311.1,1236,64.4,177,1,Overstrain Failure
6160,L53339,L,301,311,1399,58,190,1,Overstrain Failure
6173,L53352,L,300.8,310.6,1577,37.9,227,1,Tool Wear Failure
6179,L53358,L,301.1,310.9,1282,67.9,10,1,Power Failure
6249,L53428,L,300.8,310.1,1405,61.2,189,1,Power Failure
6256,L53435,L,301,310.5,1379,57.3,204,1,Overstrain Failure
6257,L53436,L,301,310.6,1493,37.8,206,1,Tool Wear Failure
6341,H35754,H,300.5,309.9,1397,45.9,210,1,Tool Wear Failure
6420,H35833,H,300.3,309.9,1394,46.7,210,1,Tool Wear Failure
6498,L53677,L,300.8,309.9,1312,65.3,192,1,Overstrain Failure
6526,L53705,L,301.1,310.4,1312,73.6,49,1,Power Failure
6541,M21400,M,301.4,310.7,1368,63.7,92,1,Power Failure
6619,M21478,M,301.6,310.6,1309,65.8,75,1,Power Failure
6674,L53853,L,301.6,310.7,1380,51.8,216,1,Overstrain Failure
6679,M21538,M,301.5,310.7,1336,65.6,0,1,Power Failure
6760,L53939,L,301.7,311,1441,44.3,208,1,Tool Wear Failure
6800,M21659,M,301.1,310.7,2636,12.2,100,1,Power Failure
6914,L54093,L,300.8,311.2,1481,38.5,181,0,Random Failures
6925,L54104,L,301.2,311.6,1461,52.9,208,1,Overstrain Failure
6933,L54112,L,300.8,311.4,1322,67.2,18,1,Power Failure
6961,L54140,L,300.7,311,1413,52,91,0,Random Failures
6991,L54170,L,300.7,311.1,2478,13.4,170,1,Power Failure
7012,L54191,L,300.5,310.5,2633,12.2,17,1,Power Failure
7084,L54263,L,300.7,310.4,1416,61.8,209,1,Power Failure
7088,L54267,L,300.6,310.3,1648,30.5,217,1,Tool Wear Failure
7168,L54347,L,300.3,310.3,1362,60.3,206,1,Overstrain Failure
7281,L54460,L,299.9,310.2,1288,69.6,62,1,Power Failure
7427,M22286,M,300,311.4,1692,29,216,1,Tool Wear Failure
7489,L54668,L,300.3,311.7,1545,43.5,160,0,Random Failures
7510,L54689,L,300.6,311.9,1372,60.1,212,1,Overstrain Failure
7511,L54690,L,300.5,311.8,1524,38.9,214,1,Tool Wear Failure
7537,L54716,L,300.1,311.3,2579,12.5,64,1,Power Failure
7565,M22424,M,300.3,311.2,1381,65.2,136,1,Power Failure
7570,L54749,L,300.2,311,1255,71.8,149,1,Power Failure
7592,M22451,M,300.5,311.1,1296,61.3,202,1,Overstrain Failure
7594,L54773,L,300.5,311.2,1270,67.5,208,1,Overstrain Failure
7670,L54849,L,300.7,311.8,1336,58.4,189,1,Overstrain Failure
7688,M22547,M,300.7,311.7,2097,18.9,232,1,Tool Wear Failure
7757,L54936,L,300.5,311.8,1368,57.9,191,1,Overstrain Failure
7760,L54939,L,300.4,311.8,1272,59.2,198,1,Overstrain Failure
7764,L54943,L,300.4,311.6,1200,76.6,3,1,Power Failure
7850,M22709,M,300.3,311.7,1374,47.9,222,1,Tool Wear Failure
7869,H37282,H,300.4,311.9,1438,46.7,41,0,Random Failures
7885,L55064,L,300.8,312.4,1465,59.1,91,1,Power Failure
7927,L55106,L,300.7,311.9,1335,57.1,194,1,Overstrain Failure
7998,M22857,M,301,312.2,2710,9.7,143,1,Power Failure
8027,L55206,L,300.7,311.9,1399,50.2,222,1,Overstrain Failure
8112,M22971,M,300.4,311.8,1553,33.1,209,1,Tool Wear Failure
8193,L55372,L,299.6,310.9,1229,65.2,209,1,Overstrain Failure
8196,L55375,L,299.4,310.8,1376,53.9,215,1,Overstrain Failure
8200,L55379,L,299.2,310.7,1737,27,225,1,Tool Wear Failure
8246,M23105,M,299,310.3,1303,68.6,111,1,Power Failure
8308,M23167,M,298.7,310.1,1402,69.7,64,1,Power Failure
8358,L55537,L,298.5,309.5,1385,46.3,203,1,Tool Wear Failure
8399,L55578,L,298.5,309.7,2617,12.1,102,1,Power Failure
8438,L55617,L,298.7,309.8,1181,65.9,203,1,Overstrain Failure
8583,M23442,M,297.5,308.1,1334,72,151,1,Power Failure
8609,L55788,L,297.4,308.4,1369,50.6,220,1,Overstrain Failure
8610,L55789,L,297.4,308.3,1475,40.5,222,1,Tool Wear Failure
8691,L55870,L,297.1,308.5,1323,44.4,207,1,Tool Wear Failure
8847,M23706,M,297.4,308.8,1325,62.4,204,1,Tool Wear Failure
8927,M23786,M,297.3,308.3,1459,59.6,207,1,Power Failure
9015,M23874,M,297.2,308.1,1340,61.3,207,1,Overstrain Failure
9017,L56196,L,297.3,308.2,1396,52.7,212,1,Overstrain Failure
9019,L56198,L,297.3,308.1,1615,35.4,217,1,Tool Wear Failure
9085,L56264,L,297.2,307.9,1326,75.4,172,1,Power Failure
9175,L56354,L,297.8,308.9,1871,25.6,200,1,Tool Wear Failure
9176,L56355,L,297.8,309,1403,64.2,0,1,Power Failure
9415,L56594,L,298.1,308.6,1354,53.9,207,1,Overstrain Failure
9494,L56673,L,299.1,309.8,1398,55.4,217,1,Overstrain Failure
9577,L56756,L,299.6,310.7,1922,23.3,205,1,Tool Wear Failure
9614,L56793,L,299,310.2,1377,62.5,92,1,Power Failure
9654,L56833,L,299,309.9,1373,55.7,201,1,Overstrain Failure
9655,L56834,L,299.1,310,1367,56.3,203,1,Overstrain Failure
9660,L56839,L,298.9,309.8,1287,61.9,216,1,Overstrain Failure
9664,L56843,L,299.1,310.1,1435,48.8,229,1,Overstrain Failure
9665,L56844,L,299.1,310.2,1317,54.8,231,1,Overstrain Failure
9668,L56847,L,299.2,310.3,1352,48.9,238,1,Overstrain Failure
9759,L56938,L,298.6,309.8,2271,16.2,218,1,Tool Wear Failure
9765,L56944,L,298.5,309.5,1294,66.7,12,1,Power Failure
9823,L57002,L,298.5,309.4,1360,60.9,187,1,Overstrain Failure
9831,L57010,L,298.3,309.3,1337,56.1,206,1,Overstrain Failure
9975,L57154,L,298.6,308.2,1361,68.2,172,1,Power Failure
